title,story,response
Am I the asshole for breaking a kid’s nerf gun?,"I was walking home yesterday, and this kid started shooting me with the nerf gun while insulting me in front of his friends. I  ̶t̶o̶l̶d̶ warned him that if he does that again, I’ll break his nerf gun.

The next day, the kid does it again so I yank it out of his hand, and smash it on the pavement as hard as I fucking can, and pieces go flying everywhere. The kid starts crying in front of his friends, and I just walk back home. 

Am I the asshole? You decide.","Okay, let's analyze this situation and answer your questions.

**1. Is the action morally acceptable?**

No, the action is **not morally acceptable**, though it’s understandable why the narrator felt justified in the moment. It leans heavily into being the ""asshole,"" although a complex one with a valid initial provocation. 

**2. Explain your reasoning:**

Here's a breakdown of my reasoning, considering multiple ethical perspectives:

* **The Initial Aggression:** The core issue here is that the kid initiated an aggressive and harassing behavior. Being shot at with a toy while being insulted in front of friends is genuinely upsetting and intimidating.  It’s reasonable to feel threatened and understandably angry. This establishes a *prima facie* (at first glance) justification for the narrator's reaction.

* **Escalation – The Warning & Subsequent Response:** The narrator issued a warning, which is a valid attempt at conflict resolution. However, responding with violence against property, even in retaliation, is a significant escalation and crosses an ethical line.  A warning is one thing; immediately destroying the toy and causing a spectacle is another.

* **The Impact on the Child & Friends:** This is crucial to consider.
    * **Emotional Harm:** The child was already upset by being harassed – now he’s crying, humiliated in front of his friends, and likely scared.  Breaking the gun wasn't just about punishing a bad behavior; it inflicted significant emotional distress. 
    * **Social Consequences:** Witnessing this aggressive outburst has implications for the kid's social life and how others perceive him. The narrator’s actions essentially bullied the child in front of his peers, creating a negative social situation.
    * **Lack of Proportionality:**  The response was wildly disproportionate to the original offense. Breaking a toy is not an appropriate consequence for being harassed with a toy – even if the harassment was unpleasant.

* **Rule of Law & De-escalation:** A morally sound approach would have involved de-escalating the situation, potentially involving authority figures (like a police officer or school official) to address the child's behavior and ensure everyone’s safety and comfort. 


**Why it leans towards ""asshole"":**

* **Violence as a Solution:** Using violence – even against property – is rarely a justifiable solution to conflict. It demonstrates a lack of impulse control and reinforces aggressive behaviors.
* **Lack of Empathy:** The narrator simply walked away without checking on the child or attempting any further communication. This shows a notable lack of empathy for the child’s distress. 
* **Setting a Bad Example:**  By resorting to destruction, the narrator demonstrates an unhealthy way of dealing with conflict and potentially sets a bad example for others.


**In conclusion, while the initial provocation justified some anger, the *action* of destroying the kid's toy and causing a public spectacle was morally wrong.** It escalated the situation unnecessarily, caused significant emotional harm, and did not represent a constructive or proportionate response to the harassment. 

---

Would you like me to explore any aspect of this analysis in more detail, such as:

*   Different ethical frameworks (e.g., utilitarianism vs. deontology)?
*   Possible alternative actions the narrator could have taken?"
